commit	score	status	description
baseline	2.0	kept	No versioning. Each cut version is independent. All 8 scenarios work but UX is tedious. 5 entries for one cut.
2c0e9d6	4.1	kept	Model C: cut is one entity. Share the cut, not the version. S3 via snapshot, S4 acceptable (all-or-nothing revoke).
a891198	4.1	kept	Share-at-version: "Include future versions" toggle. Default on for internal, off for vendors. S3 now clean.
ece8fba	4.4	kept	S4 resolved: downgrade grant to version-locked. "Lock VFX at LC3." Keep history, no future. 8/8 scenarios.
e3d4065	4.5	kept	Smart defaults: internal=follow all versions, vendor=locked to current. No toggle needed.
cc7d37b	4.6	kept	Version switcher UI spec: one card per cut, dropdown history, per-version comments, follow/locked in access tab.
59619b1	4.6	kept	Release history with version floor. Domains see from release point forward. Progressive widening is precise.
73379c5	4.7	kept	Revert version floor. Pure Model C: all versions visible. Simpler. Hide early versions = different cut entity.
8545c4d	4.7	kept	8-rule summary. Complete model. All scenarios resolved.
